Código;Descripción;Precio;Stock
6910HP290G2MT1GB;Ordenador HP 290 G2 MT TORRE GRADO B (Intel Core i5 8500 3.0Ghz/8GB/240SSD/DVDRW/W10P) Preinstalado;345;6 
6910HP290G2MT2GB;Ordenador HP 290 G2 MT TORRE GRADO B (Intel Core i5 8500 3.0Ghz/8GB/240SSD/DVDRW/W7P) Preinstalado;325;1 
6910HP600G4MT1GB;Ordenador HP 600 G4 MT TORRE GRADO B (Intel Core i5 8400 2.8Ghz/8GB/240SSD/NO-DVD/W10P) Preinstalado;299;31 
6910HP800G5T1GAP;Ordenador Premium HP EliteDesk 800 G5 Torre (Intel Core i5 9500 3 GHz/16GB/512SSD/NO-DVD/W10H) NUEVO Preinstalado;450;9 
6910LENV5201GA;Ordenador Lenovo V520 Torre GRADO A (Intel Core I5 6600K 3.5Ghz/8GB/240GB-M.2/NO-DVD/W8P) Preinstalado;175;1 
6910LENV5201GB;Ordenador Lenovo V520 Torre GRADO B (Intel Core I5 6600K 3.5Ghz/8GB/240GB-M.2/NO-DVD/W8P) Preinstalado;159;26 
6910DP4901GB;Ordenador Dell Precision 490 TORRE FX3500 256MB GRADO B (Intel Xeon 5130 2.0Ghz/4GB/500GB/DVD/W7P) Preinstalado;65;3 
6910DPT16001GB;Ordenador Dell Precision T1600 Workstation TORRE GRADO B NVS 310 512MB (Intel Xeon E3 1225 3.1Ghz/4GB/500GB/DVD/W7P) Preinstalado;79;41 
6910DPT56001GB;Ordenador Dell Precision T5600 Workstation TORRE K600 1GB GRADO B (Intel Xeon E5 2640 2.5Ghz/16GB/240SSD/DVD/W7P) Preinstalado;309;19 
6910DPT58101GB;Ordenador Dell Precision T5810 Workstation TORRE NVS310 1GB GRADO B (Intel Xeon E5 1620 v3 3.5Ghz/16GB/240SSD/DVD/W7P) Preinstalado;349;1 
6910DPT58103GB;Ordenador Dell Precision T5810 Workstation TORRE NVS310 1GB GRADO B (Intel Xeon E5 1607 v3 3.1Ghz/16GB/240SSD/DVD/W8P) Preinstalado;345;1 
6910D7552GB;Ordenador Dell Optiplex 755 GRADO B (Intel Core2Duo E6550 2.33Ghz/4GB/120SSD/DVD/W7P) Preinstalado;55;1 
6910DO7802GB;Ordenador Dell Optiplex 780 SFF GRADO B (Intel Core2Duo E8400 3.0Ghz/4GB/120SSD/DVD/W7P) Preinstalado;55;7 
6910DO7803GB;Ordenador Dell Optiplex 780 SFF GRADO B (Intel Core2Duo E7500 2.93Ghz/4GB/120SSD/DVD/W7P) Preinstalado;55;2 
6910LENM71E1GB;Ordenador Lenovo M71e SFF GRADO B (Intel Pentium G630 2.7GHz/4GB/500GB/DVD/W7P) Preinstalado;99;1 
6910LENM73110GB;Ordenador Lenovo M73 SFF GRADO B (Intel Pentium G1820 2.7Ghz/4GB/120SSD/NO-DVD/W7P) Preinstalado;65;55 
6910LENM73123GB;Ordenador Lenovo M73 SFF GRADO B (Intel Pentium G3220 3.0Ghz/4GB/240SSD/DVD/W8P) Preinstalado;75;3 
6910LENM7318GB;Ordenador Lenovo M73 SFF GRADO B (Intel Pentium G1820 2.7Ghz/4GB/240SSD/NO-DVD/W7P) Preinstalado;75;9 
6910HP800G41GA;Ordenador HP 800 G4 SFF GRADO A (Intel Core i3 8300 3.7Ghz/8GB/256SSD-M.2/NO-DVD/W10P) Preinstalado;189;125 
6910HP830010GB;Ordenador HP 8300 SFF GRADO B (Intel Core i3 3220 3.3Ghz/8GB/120SSD/NO-DVD/W7P) Preinstalado;89;2 
6910HP830011GB;Ordenador HP 8300 SFF GRADO B (Intel Core i3 3220 3.3Ghz/8GB/120SSD/DVD/W7P) Preinstalado;95;15 
6910HP830013GB;Ordenador HP 8300 SFF GRADO B (Intel Core i3 3220 3.3Ghz/8GB/240SSD/DVD/W7P) Preinstalado;95;69 
6910HPZ2002A;Ordenador HP Z200 Workstation SFF (Intel Core i3 530 2.93GHz/4GB/500GB/DVDRW/W7P) Preinstalado;159;2 
6910LENE731GB;Ordenador Lenovo E73 SFF GRADO B (Intel Core i3 4130 3.4Ghz/8GB/120SSD/DVDRW/W8P) Preinstalado;115;1 
6910LENE739GBGB;Ordenador Lenovo E73 SFF GRADO B (Intel Core i3 4130 3.4Ghz/8GB/240SSD/DVD/W8P) Preinstalado;109;10 
6910LENM710E4GB;Ordenador Lenovo SFF M710e GRADO B (Intel Core i3 7100 3.9Ghz/8GB/240SSD/NO-DVD/W10P) Preinstalado;129;111 
6910LENM710S10GB;Ordenador Lenovo SFF M710s GRADO B (Intel Core i3 7100 3.9Ghz/8GB/240SSD/NO-DVD/W7P) Preinstalado;169;1 
6910LENM710S8GB;Ordenador Lenovo SFF M710s GRADO B (Intel Core i3 7100 3.9Ghz/8GB/240SSD/DVD/W10P) Preinstalado;169;11 
6910LENM710S9GB;Ordenador Lenovo SFF M710s GRADO B (Intel Core i3 7100 3.9Ghz/8GB/240SSD/NO-DVD/W10P) Preinstalado;135;50 
6910LENM7316GB;Ordenador Lenovo M73 SFF GRADO B (Intel Core i3 4130 3.4Ghz/8GB/120SSD/NO-DVD/W7P) Preinstalado;79;33 
6910LENM7320GB;Ordenador Lenovo M73 SFF GRADO B (Intel Core i3 4130 3.4GHz/8GB/240SSD/DVD/W7P) Preinstalado;109;6 
6910LENM7321GB;Ordenador Lenovo M73 SFF GRADO B (Intel Core i3 4130 3.4GHz/8GB/240SSD/NO-DVD/W7P) Preinstalado;109;3 
6910LENM7323GB;Ordenador Lenovo M73 SFF GRADO B (Intel Core i3 4130 3.4GHz/8GB/240SSD/DVD/W8P) Preinstalado;109;4 
6910LENM823GB;Ordenador Lenovo M82 SFF GRADO B (Intel Core i3 3220 3.30GHz/4GB/250GB/DVDRW/W7P) Preinstalado;99;1 
6910LENM8317GB;Ordenador Lenovo M83 SFF GRADO B (Intel Core i3 4130 3.4GHz/8GB/120SSD/NO-DVD/W8P) Preinstalado;105;10 
6910LENM8318GB;Ordenador Lenovo M83 SFF GRADO B (Intel Core i3 4130 3.4GHz/8GB/120SSD/NO-DVD/W7P) Preinstalado;79;30 
6910LENM93P11GB;Ordenador Lenovo M93P SFF GRADO B (Intel Core i3 4130 3.4GHz/8GB/120SSD/NO-DVD/W8P) Preinstalado;99;20 
6910LENM93P13GB;Ordenador Lenovo M93P SFF GRADO B (Intel Core i3 4130 3.4GHz/8GB/240SSD/DVD/W7P) Preinstalado;109;1 
6910LENM93P15GB;Ordenador Lenovo M93P SFF GRADO B (Intel Core i3 4130 3.4GHz/8GB/240SSD/DVD/W8P) Preinstalado;109;7 
6910LENM93P2GB;Ordenador Lenovo M93P SFF GRADO B (Intel Core i3 4130 3.4GHz/8GB/120SSD/DVDRW/W7P) Preinstalado;99;5 
6910LENM93P4GB;Ordenador Lenovo M93P SFF GRADO B (Intel Core i3 4130 3.4GHz/8GB/120SSD/NO-DVD/W7P) Preinstalado;99;7 
6910DO50501GA;Ordenador DELL Optiplex 5050 SFF GRADO A (Intel Core i5 7500 3.4Ghz/8GB/240SSD/DVD/W8P) Preinstalado;199;44 
6910DO50501GB;Ordenador DELL Optiplex 5050 SFF GRADO B (Intel Core I5 7500 3.4Ghz/8GB/240SSD/DVD/W8P) Preinstalado;225;1 
6910DO50502GA;Ordenador DELL Optiplex 5050 SFF GRADO A (Intel Core I5 7500 3.4Ghz/8GB/240SSD/DVD/W10P) Preinstalado;199;20 
6910DO70103GB;Ordenador Dell Optiplex 7010 SFF GRADO B (Intel Core i5 3470 3.2 Ghz/4GB/120SSD+500GB/DVDRW/W7P) Preinstalado;95;93 
6910FE7203GB;Ordenador Fujitsu Esprimo E720 SFF GRADO B (Intel Core i5 4460 3.2Ghz/8GB/240SSD/W8P) Preinstalado;235;1 
6910HP400G2.57GB;Ordenador HP 400 G2.5 SFF GRADO B (Intel Core i5 4570S 2.9Ghz/8GB/240SSD/DVD/W8HP) Preinstalado;165;1 
6910HP400G32GB;Ordenador HP Prodesk 400 G3 SFF GRADO B (Intel Core i5 6500 3.2Ghz/8GB/240SSD/NO-DVD/W8P) Preinstalado;149;4 
6910HP400G33GB;Ordenador HP EliteDesk 400 G3 SFF GRADO B (Intel Core i5 6500 3.2Ghz/8GB/240SSD/DVD/W8P) Preinstalado;159;22 
6910HP600G25GA;Ordenador HP Prodesk 600 G2 SFF GRADO A (Intel Core i5 6500 3.2GHz/8GB/240SSD/NO-DVD/W8P) Preinstalado;169;4 
6910HP600G25GB;Ordenador HP Prodesk 600 G2 SFF GRADO B (Intel Core i5 6500 3.2GHz/8GB/240SSD/NO-DVD/W8P) Preinstalado;219;8 
6910HP600G26GB;Ordenador HP Prodesk 600 G2 SFF GRADO B (Intel Core i5 6500 3.2GHz/8GB/240SSD/NO-DVD/W7P) Preinstalado;209;1 
6910HP600G31GB;Ordenador HP Prodesk 600 G3 SFF GRADO B (Intel Core i5 7400 3.0GHz/8GB/256SSD/NO-DVD/W8P) Preinstalado;175;37 
6910HP800G32GB;Ordenador HP EliteDesk 800 G3 SFF GRADO B (Intel Core i5 7400 3.0Ghz/8GB/240SSD/DVD/W10P) Preinstalado;185;61 
6910HP800G33GB;Ordenador HP 800 G3 SFF GRADO B (Intel Core i5 7400 3.0Ghz/8GB/240SSD/DVD/W8P) Preinstalado;169;3 
6910HP800G37GB;Ordenador HP 800 G3 SFF GRADO B (Intel Core i5 6500 3.2Ghz/8GB/512SSD/NO-DVD/W10P) Preinstalado;159;146 
6910HPED800G15GB;Ordenador HP EliteDesk 800 G1 SFF GRADO B  (Intel Core i5 4570 3.20GHz/8GB/256SSD/DVDRW/W8P) Preinstalado;149;10 
6910HPED800G17GB;Ordenador HP EliteDesk 800 G1 SFF GRADO B  (Intel Core i5 4570 3.20GHz/8GB/256SSD/DVDRW/W7P) Preinstalado;155;2 
6910LENM7007GA;Ordenador Lenovo SFF M700 GRADO A (Intel Core i5 6500 3.2Ghz/16GB/256GB/DVDRW/W7P) Preinstalado;179;17 
6910LENM710S6GB;Ordenador Lenovo SFF M710s GRADO B (Intel Core i5 7500 3.4Ghz/8GB/240SSD/NO-DVD/W10P) Preinstalado;169;8 
6910LENM710S7GB;Ordenador Lenovo SFF M710s GRADO B (Intel Core i5 7500 3.4Ghz/8GB/240SSD/NO-DVD/W8P) Preinstalado;169;18 
6910LENM72E3GB;Ordenador Lenovo M72e SFF GRADO B (Intel Core i5 3470 3.20GHz/8GB/120SSD/DVDRW/W7P) Preinstalado;119;2 
6910LENM7327GB;Ordenador Lenovo M73 SFF GRADO B (Intel Core i5 4570 3.2GHz/8GB/240SSD/DVDRW/W7P) Preinstalado;139;3 
6910LENM732GA;Ordenador Lenovo M73 SFF GRADO A (Intel Core i5 4590 3.3GHz/8GB/240SSD/DVDRW/W7P) Preinstalado;155;5 
6910LENM734GA;Ordenador Lenovo M73 SFF GRADO A  (Intel Core i5 4590 3.3GHz/8GB/240SSD/NO-DVD/W7P) Preinstalado;155;1 
6910LENM815GB;Ordenador Lenovo ThinkCentre M81 SFF GRADO B (Intel Core i5 2400 3.1GHz/4GB/250GB/DVD/W7P) Preinstalado;169;4 
6910LENM826GB;Ordenador Lenovo M82 SFF GRADO B (Intel Core i5 3470 3.20GHz/4GB/250GB/DVDRW/W7P) Preinstalado;95;4 
6910LENM828GB;Ordenador Lenovo M82 SFF GRADO B (Intel Core i5 3470T 2.90GHz/8GB/120SSD/DVDRW/W7P) Preinstalado;119;2 
6910LENM8315GB;Ordenador Lenovo M83 SFF GRADO B (Intel Core i3 4130 3.4GHz/8GB/240SSD/DVD/W8P) Preinstalado;109;4 
6910LENM8321GB;Ordenador Lenovo M83 SFF GRADO B (Intel Core i3 4130 3.4GHz/8GB/240SSD/DVD/W7P) Preinstalado;109;3 
6910LENM8322GB;Ordenador Lenovo M83 SFF GRADO B (Intel Core i3 4130 3.4GHz/8GB/240SSD/NO-DVD/W7P) Preinstalado;109;1 
6910LENM8323GB;Ordenador Lenovo M83 SFF GRADO B (Intel Core i3 4130 3.4GHz/8GB/240SSD/NO-DVD/W8P) Preinstalado;109;1 
6910LENM92P9GB;Ordenador Lenovo M92p SFF GRADO B (Intel Core i5 3470 3.20GHz/4GB/500GB/DVD/W7P) Preinstalado;129;1 
6910LENM9P2GB;Ordenador Lenovo M92P SFF GRADO B (Intel Core i5 3470T 2.90GHz/8GB/120SSD/DVDRW/W7P) Preinstalado;115;10 
6910FD7562GA;Ordenador Fujitsu Esprimo D756 SFF GRADO A (Intel Core i7 6700T 2.8Ghz/16GB/256SSD/DVD/W8P) Preinstalado;259;14 
6910FD7563GA;Ordenador Fujitsu Esprimo D756 SFF GRADO A (Intel Core i7 6700T 2.8Ghz/8GB/256SSD/DVD/W8P) Preinstalado;345;1 
6910FE7201GB;Ordenador Fujitsu Esprimo E720 SFF GRADO B (Intel Core i7 4790 3.6Ghz/8GB/240SSD/W8P) Preinstalado;199;26 
6910HP600G132GB;Ordenador HP Prodesk 600 G1 SFF GRADO B  (Intel Core i7 4770 3.4GHz/8GB/240SSD/NO-DVD/W8P) Preinstalado;149;175 
6910HP600G133GB;Ordenador HP Prodesk 600 G1 SFF GRADO B  (Intel Core i7 4770S 3.1GHz/8GB/240SSD/NO-DVD/W8P) Preinstalado;149;5 
6910HPED800G121GB;Ordenador HP EliteDesk 800 G1 SFF GRADO B (Intel Core i7 4770 3.40GHz/8GB/480SSD/DVDRW/W7P) Preinstalado;179;179 
6910LENM72E5GB;Ordenador Lenovo M72e SFF GRADO B (Intel Core i7 3770 3.40GHz/8GB/120SSD/DVDRW/W7P) Preinstalado;115;65 
6910HP60053GB;Ordenador HP 6005 Elite SFF GRADO B (AMD Athlon II X2 B24 3.0Ghz/4GB/120SSD/DVD/W7P) Preinstalado;55;1 
6910HP705G12GB;Ordenador HP 705 G1 SFF GRADO B (AMD A6 7400B 3.5GHz/4GB/120SSD/DVD/W8P) Preinstalado;85;2 
6910HP705G15GB;Ordenador HP 705 G1 SFF GRADO B (AMD A6 7400B 3.5GHz/4GB/120SSD/DVD/W7P) Preinstalado;85;1 
6910HP705G23GB;Ordenador HP 705 G2 SFF GRADO B (AMD A6 8550B 3.7GHz/4GB/120SSD/DVD/W8H) Preinstalado;85;10 
6910HPU800G116GB;Ordenador HP 800 G1 USDT GRADO B (Intel Core i3 4130 3.4GHz/8GB/120SSD/NO-DVD/W8P) Preinstalado;95;69 
6910HPU800G128GB;Ordenador HP 800 G1 USDT GRADO B (Intel Core i3 4130 3.4GHz/8GB/120SSD/NO-DVD/W7P) Preinstalado;95;57 
6910HPU800G129GB;Ordenador HP 800 G1 USDT WIFI GRADO B (Intel Core i3 4130 3.4GHz/8GB/120SSD/NO-DVD/W7P) Preinstalado;95;47 
6910HPU800G130GB;Ordenador HP 800 G1 USDT WIFI GRADO B (Intel Core i3 4130 3.4GHz/8GB/120SSD/NO-DVD/W8P) Preinstalado;95;7 
6910HPU800G132GB;Ordenador HP 800 G1 USDT GRADO B (Intel Core i3 4130 3.4GHz/8GB/120SSD/DVD/W8P) Preinstalado;95;4 
6910HPU800G135GB;Ordenador HP 800 G1 USDT GRADO B (Intel Core i3 4130 3.4GHz/8GB/240SSD/DVD/W8P) Preinstalado;99;116 
6910HPU800G136GB;Ordenador HP 800 G1 USDT GRADO B (Intel Core i3 4130 3.4GHz/8GB/240SSD/DVD/W7P) Preinstalado;105;26 
6910HPU800G137GB;Ordenador HP 800 G1 USDT WIFI GRADO B (Intel Core i3 4130 3.4GHz/8GB/240SSD/DVD/W7P) Preinstalado;105;29 
6910LENTIM72E2GB;Ordenador Lenovo Desktop Tiny M72e GRADO B (Intel Core i3 2120T 2.6Ghz/8GB/120SSD/NO-DVD/W7P) Preinstalado;95;2 
6910DO9020U1GB;Ordenador Dell Optiplex 9020 USDT GRADO B (Intel Core i5 4590s 3.0Ghz/4GB/500GB/DVD/W8HP) Preinstalado;125;13 
6910HP800G1U16GB;Ordenador HP Elite 800 G1 USDT GRADO B (Intel Core i5 4430S 2.7Ghz/8GB/120SSD/NO-DVD/W8P) Preinstalado;129;1 
6910HP800G1U17GB;Ordenador HP Elite 800 G1 USDT GRADO B (Intel Core i5 4590T 2.0Ghz/8GB/120SSD/NO-DVD/W8P) Preinstalado;135;1 
6910HP800G1U5GB;Ordenador HP Elite 800 G1 USDT GRADO B (Intel Core i5 4430s 2.7Ghz/8GB/120SSD/DVD/W7P) Preinstalado;135;1 
6910HP800G1U6GB;Ordenador HP Elite 800 G1 USDT GRADO B (Intel Core i5 4430s 2.7Ghz/8GB/120SSD/DVD/W8P) Preinstalado;139;1 
6910HPM600G23GB;Ordenador HP Prodesk 600 G2 Mini PC GRADO B (Intel Core i5 6500T 2.5Ghz/8GB/240SSD/NO-DVD/W8P) Preinstalado;145;5 
6910HPU800G117GA;Ordenador HP 800 G1 USDT GRADO A (Intel core i5 4570s 2.9GHz/8GB/240SSD/NO-DVD/W8P) Preinstalado;135;1 
6910HPU800G117GB;Ordenador HP 800 G1 USDT GRADO B (Intel Core i5 4570s 2.9GHz/8GB/240SSD/NO-DVD/W8P) Preinstalado;119;19 
6910HPU800G118GB;Ordenador HP 800 G1 USDT GRADO B (Intel Core i5 4570s 2.9GHz/8GB/120SSD/NO-DVD/W8P) Preinstalado;115;9 
6910HPU800G119GB;Ordenador HP 800 G1 USDT GRADO B (Intel Core i5 4570s 2.9GHz/8GB/240SSD/NO-DVD/W8H) Preinstalado;135;11 
6910HPU800G120GB;Ordenador HP 800 G1 USDT GRADO B (Intel Core i5 4570s 2.9GHz/8GB/120SSD/NO-DVD/W7P) Preinstalado;115;40 
6910HPU800G121GA;Ordenador HP Elite 800 G1 USDT GRADO B (Intel Core i5 4430s 2.7Ghz/8GB/240SSD/NO-DVD/W8P) Preinstalado;129;1 
6910HPU800G121GB;Ordenador HP 800 G1 USDT WIFI GRADO B (Intel Core i5 4570s 2.9GHz/8GB/120SSD/NO-DVD/W7P) Preinstalado;119;63 
6910HPU800G122GB;Ordenador HP 800 G1 USDT GRADO B (Intel Core i5 4570s 2.9GHz/8GB/240SSD/NO-DVD/W7P) Preinstalado;129;9 
6910HPU800G125GB;Ordenador HP 800 G1 USDT WIFI GRADO B (Intel Core i5 4570s 2.9GHz/8GB/240SSD/NO-DVD/W7P) Preinstalado;139;22 
6910LENTIM93P5GA;Ordenador Lenovo Desktop Tiny M93P GRADO A (Intel Core I5 4590T 2.0Ghz/8GB/120SSD/NO-DVD/W8P) Preinstalado;99;42 
6910LENTIM93P6GA;Ordenador Lenovo Desktop Tiny M93P GRADO A (Intel Core I5 4590T 2.0Ghz/8GB/120SSD/NO-DVD/W7P) Preinstalado;125;4 
6910LENTIM93P8GA;Ordenador Lenovo Desktop Tiny M93P GRADO A (Intel Core i5 4590T 2.0Ghz/8GB/240SSD/NO-DVD/W8P) Preinstalado;135;1 
6910HP705G2M1GB;Ordenador HP 705 G2 Mini PC GRADO B (AMD A10-8700B 1.8GHz/8GB/500GB/NO-DVD/W8P) Preinstalado;69;54 
6910HP705G2M2GB;Ordenador HP 705 G2 Mini PC WIFI GRADO B (AMD A10-8700B 1.8GHz/8GB/500GB/NO-DVD/W8P) Preinstalado;79;25 
6910LENTIM72E8GB;Ordenador Lenovo Desktop Tiny M72e GRADO B (Intel Core i3 3220 3.0Ghz/8GB/240SSD/NO-DVD/W7P) Preinstalado;85;119 
6910LENTIM731GB;Ordenador Lenovo Desktop Tiny M73 GRADO B (Intel Core i3 4130T 2.9Ghz/8GB/240SSD/NO-DVD/W7P) Preinstalado;89;167 
6910LENTIM732GB;Ordenador Lenovo Desktop Tiny M73 GRADO B (Intel Core i3 4130T 2.9Ghz/8GB/240SSD/NO-DVD/W10P) Preinstalado;99;5 
6910LENTIM922GB;Ordenador Lenovo Desktop Tiny M92 GRADO B (Intel Core i3 3220 3.30Ghz/8GB/120SSD/NO-DVD/W7P) Preinstalado;79;189 
6910LENTIM92P1GB;Ordenador Lenovo Desktop Tiny M92P GRADO B (Intel Core i3 3220T 2.80Ghz/8GB/120SSD/NO-DVD/W7P) Preinstalado;79;91 
6910LENTIM92P2GB;Ordenador Lenovo Desktop Tiny M92P GRADO B (Intel Core i3 3220T 2.80Ghz/8GB/240SSD/NO-DVD/W7P) Preinstalado;85;153 
6910LENTIM92P3GB;Ordenador Lenovo Desktop Tiny M92P GRADO B (Intel Core i3 3220 3.30Ghz/8GB/240SSD/NO-DVD/W7P) Preinstalado;95;193 
6910LENTM732GB;Ordenador Lenovo Desktop Tiny M73 GRADO B (Intel Core i3 4130T 2.9Ghz/8GB/240SSD/NO-DVD/W8P) Preinstalado;95;192 
6910FQ9201GB;Ordenador Fujitsu Esprimo Q920 Mini PC GRADO B (Intel Core i5 4590T 2.0Ghz/8GB/240SSD/NO-DVD/W8P) Preinstalado;119;24 
6910HP600G3M1GB;Ordenador HP Prodesk 600 G3 Mini PC GRADO B (Intel Core i5 6500T 2.5GHz/8GB/240SSD/NO-DVD/W8P) Preinstalado;209;8 
6910HP600G3M2GB;Ordenador HP Prodesk 600 G3 Mini PC GRADO B (Intel Core i5 6500T 2.5GHz/8GB/240SSD/NO-DVD/W10P) Preinstalado;209;6 
6910HPM600G22GA;Ordenador HP Prodesk 600 G2 Mini PC GRADO A (Intel Core i5 6500T 2.5Ghz/8GB/240SSD/NO-DVD/W7P) Preinstalado;189;3 
6910HPM600G22GB;Ordenador HP Prodesk 600 G2 Mini PC GRADO B (Intel Core i5 6500T 2.5Ghz/8GB/240SSD/NO-DVD/W7P) Preinstalado;149;7 
6910HPM600G23GA;Ordenador HP Prodesk 600 G2 Mini PC GRADO A (Intel Core i5 6500T 2.5Ghz/8GB/240SSD/NO-DVD/W8P) Preinstalado;189;3 
6910HPSLICEG11GB;Ordenador HP Slice G1 Mini PC GRADO B (Intel Core i5 6600T 2.7Ghz/8GB/240SSD/NO-DVD/W8P) Preinstalado;185;1 
6910HPSLICEG12GA;Ordenador HP Slice G1 Mini PC GRADO A (Intel Core i5 6500T 2.5Ghz/8GB/240SSD/NO-DVD/W8P) Preinstalado;169;92 
6910HPSLICEG13GB;Ordenador HP Slice G1 Mini PC GRADO B (Intel Core i5 6500T 2.5Ghz/8GB/240SSD/NO-DVD/W8P) Preinstalado;169;10 
6910HPSLICEG16GB;Ordenador HP Slice G1 Mini PC GRADO B (Intel Core i5 6500T 2.5Ghz/8GB/240SSD/NO-DVD/W10P) Preinstalado;185;7 
6910HPT800G24GA;Ordenador HP EliteDesk 800 G2 Mini PC GRADO A (Intel Core i5 6500 3.2Ghz/8GB/240SSD/NO-DVD/W7P) Preinstalado;189;2 
6910HPT800G24GB;Ordenador HP EliteDesk 800 G2 Mini PC GRADO B (Intel Core i5 6500 3.2Ghz/8GB/240SSD/NO-DVD/W7P) Preinstalado;185;4 
6910HPT800G26GB;Ordenador HP EliteDesk 800 G2 Mini PC GRADO B (Intel Core i5 6500 3.2Ghz/8GB/240SSD/NO-DVD/W8P) Preinstalado;169;59 
6910HPT800G27GB;Ordenador HP EliteDesk 800 G2 Mini PC GRADO B WIFI (Intel Core i5 6500 3.2Ghz/8GB/240SSD/NO-DVD/W8P) Preinstalado;189;5 
6910HPT800G28GB;Ordenador HP EliteDesk 800 G2 Mini PC GRADO B (Intel Core i5 6500 3.2Ghz/8GB/240SSD/NO-DVD/W8H) Preinstalado;185;2 
6910HPT800G29GA;Ordenador HP EliteDesk 800 G2 Mini PC GRADO A (Intel Core i5 6400T 2.2Ghz/8GB/240SSD/NO-DVD/W8P) Preinstalado;189;13 
6920FSLA5533GB;Portatil Fujitsu Lifebook A553 GRADO B TN (Celeron 1000m 1.8.Ghz/4GB/320GB/15.6"/DVD/W7P) Preinstalado;99;2 
6920LENL4401GB;Portátil Lenovo L440 GRADO B (Intel Pentium 3550M 2.3Ghz/4GB/500GB/14"/NO-DVD/W7P) Preinstalado;115;1 
6910LENM73126GB;Ordenador Lenovo M73 SFF GRADO B (Intel Pentium G3220 3.0Ghz/4GB/240SSD/DVD/W7P) Preinstalado;75;18 
6910LENM7319GB;Ordenador Lenovo M73 SFF GRADO B (Intel Pentium G1820 2.7Ghz/4GB/240SSD/DVD/W7P) Preinstalado;75;21 
6910LENM7325GB;Ordenador Lenovo M73 SFF GRADO B (Intel Pentium G1820 2.7Ghz/4GB/240SSD/DVD/W8P) Preinstalado;75;20 
6920TOSATB5331GB;Portátil Toshiba Satelite B553 GRADO B (Intel Core i3 3110M 2.40Ghz/4GB/320GB/15"/DVDRW/W8P) Preinstalado;185;1 
6920LENX220I3GB;Portátil Lenovo x220I GRADO B (intel celeron 847 1.10GHz/4GB/320GB/12.5"/W7P) Preinstalado;139;2 
6920FSLA5531GB;Portatil Fujitsu Lifebook A553 - WIFI USB - NO WEBCAM - GRADO B (Celeron B730 1.8.Ghz/4GB/320GB/15.6"/DVD/W7P) Preinstalado;95;32 
6920FSLA5534GB;Portatil Fujitsu Lifebook A553 GRADO B (Celeron 1000m 1.8.Ghz/4GB/320GB/15.6"/DVD/W7P) Preinstalado;99;2 
6920LENX2404GB;Portátil Lenovo x240 GRADO B con Bluetooth (Intel Core i5 4300u 1.9Ghz/8GB/500GB/12.5"/NO-DVD/W7P) Preinstalado;189;1 
6920TOR302GB;Portátil Toshiba portege R30 GRADO B (Intel Core I5 4200M 2.5Ghz/4GB/256SSD/13.3"/W7P) Preinstalado;219;2 
6920TOR303GB;Portátil Toshiba portege R30 GRADO B (Intel Core I5 4200M 2.5Ghz/8GB/256SSD/13.3"/W8P) Preinstalado;195;3 
6920TOZ305A;Portátil Toshiba portege Z30 - A (Intel Core I5 - 4300U  1.9Ghz/8GB/256GBSSD/13.3"/W8P) Preinstalado;269;1 
6920DEE72401GB;Portátil Dell Ultrabook E7240 GRADO B (Intel Core i5 4200U 1.6Ghz/8GB/240SSD-M.SATA/12.5"/W7P) Preinstalado;159;1 
6920DEE72501GB;Portátil Dell Ultrabook E7250 GRADO B (Intel Core i5 5200U 2.2Ghz/8GB/240SSD-M.SATA/12.5"/W8P) Preinstalado;209;1 
6920HP2570P1GB;Portátil Hp EliteBook 2570P GRADO B WCAM EXTERNA (Intel Core i5 3210M 2.50Ghz/4GB/320GB/12.1"/DVDRW/W7P) Preinstalado;109;1 
6920HP2570P5GB;Portátil Hp EliteBook 2570P GRADO B WCAM EXTERNA (Intel Core i5 3210M 2.50Ghz/4GB/320GB/12.1"/DVDRW/W8P) Preinstalado;109;6 
6920HP820G13GB;Portátil Ultrabook Hp EliteBook 820 G1 GRADO B  (Intel Core i5 4200u 1.6Ghz/8GB/120SSD/12"/NO-DVD/W8P) Preinstalado;209;2 
6920DE745016GB;Portátil Dell Latitude E7450 GRADO B (Intel Core i5 5300U 2.30Ghz/4GB/120SSD/14"/NO-DVD/W8P) Preinstalado;189;1 
6920DEE54201AGB;Portátil Dell Latitude E5420 (Intel Core i5 2520M 2.5Ghz/4GB/320GB/14"/DVDRW/W7P) Preinstalado;225;4 
6920DEE74407GB;Portátil Dell Ultrabook E7440 GRADO B (Intel Core i5 4300U 1.9Ghz/4GB/120SSD/14"/W8P) Preinstalado;235;1 
6920FSLA5733GB;Portatil Fujitsu Lifebook A573 GRADO B TN (Intel Core i5 3320m 2.3.Ghz/4GB/320GB/15.6"/DVD/W7P) Preinstalado;199;1 
6920FSLA5736GB;Portatil Fujitsu Lifebook A573 SIN WIFI GRADO B (Intel Core i5 3320m 2.3.Ghz/4GB/320GB/15.6"/DVD/W7P) Preinstalado;129;3 
6920FSLA7437GB;Portatil Fujitsu Lifebook A743 GRADO B TN (Intel Core i5 3320m 2.3.Ghz/4GB/128SSD/15.6"/DVD/W7P) Preinstalado;209;1 
6920HP1040G34GB;Portátil Hp Ultrabook EliteBook 1040 G3 con teclado castellano GRADO B (Intel Core i7 6600U 2.60Ghz/16GB/240SSD-M.2/14"2K/NO-DVD/W8P) Preinstalado;279;57 
6920HP640G110GA;Portátil Hp Probook 640 G1 GRADO A (Intel Core i5 4200M 2.5Ghz/8GB/120SSD/14"/DVD/W8P) Preinstalado;199;1 
6920HP640G110GB;Portátil Hp Probook 640 G1 GRADO B (Intel Core i5 4200M 2.5Ghz/8GB/120SSD/14"/DVD/W8P) Preinstalado;169;6 
6920HP640G112GB;Portátil Hp Probook 640 G1 GRADO B (Intel Core i5 4200M 2.5Ghz/8GB/120SSD/14"/DVD/W7P) Preinstalado;169;6 
6920HP640G17GB;Portátil Hp Probook 640 G1 GRADO B (Intel Core i5 4200M 2.5Ghz/8GB/120SSD/14"/DVD/W7P) Preinstalado;195;1 
6920HP640G31GB;Portátil HP Probook 640 G3 GRADO B (Intel Core i5 7200u 2.5Ghz/8GB/240SSD/14"FHD/DVDRW/W8P) Preinstalado;265;28 
6920HP640G32GB;Portátil HP Probook 640 G3 GRADO B (Intel Core i5 7200u 2.5Ghz/8GB/240SSD/14"FHD/NO-DVD/W10P) Preinstalado;259;10 
6920HP640G33GB;Portátil HP Probook 640 G3 GRADO B (Intel Core i5 7200u 2.5Ghz/8GB/240SSD/14"HD/DVDRW/W8P) Preinstalado;259;14 
6920HP640G34GB;Portátil HP Probook 640 G3 GRADO B (Intel Core i5 7200u 2.5Ghz/8GB/240SSD/14"HD+/DVDRW/W8P) Preinstalado;259;2 
6920HP645G31GB;Portátil HP Probook 645 G3 GRADO B (AMD PRO A10-8730B R5 2.4Ghz/8GB/240SSD/14"HD/NO-DVD/W10P) Preinstalado;195;11 
6920HP645G32GB;Portátil HP Probook 645 G3 GRADO B (AMD PRO A10-8730B R5 2.4Ghz/8GB/240SSD/14"HD/NO-DVD/W8P) Preinstalado;195;1 
6920HP840G28GB;Portátil Hp EliteBook 840 G2 GRADO B (Intel Core i5 5300u 2.30Ghz/8GB/500GB/14"/NO-DVD/W8P) Preinstalado;249;2 
6920HP840G29GB;Portátil Hp Ultrabook EliteBook 840 G2 GRADO B Sin Camara (Intel Core i5 5300u 2.30Ghz/8GB/500GB/14"/NO-DVD/W8P) Preinstalado;239;1 
6920HP840G310GB;Portátil HP Elitebook 840 G3 GRADO B con teclado castellano (Intel Core i5 6200u 2.3Ghz/8GB/240SSD/14"HD/NO-DVD/W8P) Preinstalado;289;1 
6920HP840G312GA;Portátil HP Elitebook 840 G3 GRADO A con teclado castellano (Intel Core i5 6300u 2.4Ghz/8GB/480GB-M.2/14"/NO-DVD/W7P) Preinstalado;325;1 
6920HP840G313GB;Portátil HP Elitebook 840 G3 GRADO B (Intel Core i5 6300U 2.4Ghz/8GB/240SSD-M.2/14"/NO-DVD/W8P) Preinstalado;249;4 
6920HP840G320GB;Portátil HP Elitebook 840 G3 GRADO B (Intel Core i5 6300U 2.4Ghz/8GB/240SSD-M.2/14"FHD/NO-DVD/W10P) Preinstalado;229;1 
6920HP840G322GB;Portátil HP Elitebook 840 G3 GRADO B (Intel Core i5 6300U 2.4Ghz/8GB/240SSD-M.2/14"HD/NO-DVD/W10P) Preinstalado;249;2 
6920HP840G323GB;Portátil HP Elitebook 840 G3 TACTIL GRADO B (Intel Core i5 6200U 2.3Ghz/8GB/240SSD-M.2/14"FHD/NO-DVD/W10P) Preinstalado;285;2 
6920HP840G325GB;Portátil HP Elitebook 840 G3 TACTIL GRADO B (Intel Core i5 6200U 2.3Ghz/8GB/240SSD-M.2/14"FHD/NO-DVD/W8P) Preinstalado;259;78 
6920HP840G328GB;Portátil HP Elitebook 840 G3 GRADO B (Intel Core i5 6200U 2.3Ghz/8GB/240SSD-M.2/14"FHD/NO-DVD/W8P) Preinstalado;269;1 
6920HP840G35GB;Portátil HP Elitebook 840 G3 GRADO B (Intel Core i5 6300u 2.4Ghz/8GB/240SSD/14"/NO-DVD/W8P) Preinstalado;269;3 
6920HP8460P4GB;Portátil HP EliteBook 8460P GRADO B SIN WEBCAM (Intel Core i5 2520M 2.5Ghz/4GB/120SSD/14"/DVDRW/W7P) Preinstalado;199;3 
6920HP8460P8GB;Portátil HP EliteBook 8460P GRADO B con teclado castellano (Intel Core i5 2520M 2.5Ghz/8GB/500GB/14"/DVD/W7P) Preinstalado;189;1 
6920HP8470P1GB;Portátil HP EliteBook 8470P GRADO B (Intel Core i5 3210M 2.50Ghz/8GB/120SSD/14"/DVD/W7P) Preinstalado;239;2 
6920HP8470P9GB;Portátil HP EliteBook 8470P GRADO B con teclado castellano (Intel Core i5 3210M 2.50Ghz/4GB/500GB/14"/DVD/W7P) Preinstalado;199;1 
6920HPZBOOK14G11GB;Portátil Hp Workstation ZBOOK 14 G1 GRADO B (Intel Core i5 4300U 1.90Ghz/16GB/120SSD/14.1FHD/NO-DVD/W7P) Preinstalado;389;1 
6920LENL4408GB;Portátil Lenovo L440 SIN WEBCAM GRADO B (Intel Core i5 4200M 2.5Ghz/8GB/128GB-M.2+500GB/14"/NO-DVD/W7P) Preinstalado;145;25 
6920LENL4409GB;Portátil Lenovo L440 GRADO B WEBCAM (Intel Core i5 4200M 2.5Ghz/8GB/128GB-M.2+500GB/14"/DVD/W8P) Preinstalado;175;3 
6920LENT4407GB;Portátil Ultrabook Lenovo T440 GRADO B (Intel Core i5 4200U 1.6Ghz/4GB/500GB/14"/NO-DVD/W7P) Preinstalado;235;1 
6920LENT440P4GB;Portátil Lenovo T440P GRADO B (Intel Core i5 4200M 2.5Ghz/4GB/500GB/14"/DVD/W8P) Preinstalado;159;1 
6920LENT440P7GB;Portátil Lenovo T440P GRADO B (Intel Core i5 4200M 2.5Ghz/8GB/500GB/14"/DVD/W7P) Preinstalado;189;26 
6920LENT440P9GB;Portátil Lenovo T440P GRADO B (Intel Core i5 4200M 2.5Ghz/8GB/120SSD/14"/DVD/W7P) Preinstalado;189;6 
6920LENT440S5GB;Portátil Ultrabook Lenovo T440s GRADO B (Intel Core i5 4200u 1.6Ghz/4GB/320GB/14"/NO-DVD/W7P) Preinstalado;159;3 
6920LENV33014IKB1GB;Portátil Lenovo V330-14IKB GRADO B (Intel Core i5 8250U 1.6Ghz/8GB/120SSD-M.2/14"FHD/NO-DVDW10P) Preinstalado;249;10 
6920LENV33014IKB2GB;Portátil Lenovo V330-14IKB GRADO B (Intel Core i5 8250U 1.6Ghz/8GB/240SSD/14"FHD/NO-DVDW10P) Preinstalado;329;4 
6920LENV33014IKB4GB;Portátil Lenovo V330-14IKB GRADO B (Intel Core i5 8250U 1.6Ghz/8GB/1TB/14"FHD/NO-DVDW10P) Preinstalado;319;1 
6920TOZ40A3GB;Portatil Toshiba Tecra Z40 A GRADO B (Intel Core I5 4200U 1.6Ghz/4GB/500GB/14"/W7P) Preinstalado;209;1 
6920HP850G32GB;Portátil Ultrabook Hp EliteBook 850 G3 GRADO B (Intel Core i5 6200u 2.3Ghz/8GB/256GB/15.6"/NO-DVD/W8P) Preinstalado;329;7 
6920HP850G37GB;Portátil Ultrabook Hp EliteBook 850 G3 GRADO B (Intel Core i5 6200u 2.3Ghz/8GB/256GB/15.6"FHD/NO-DVD/W10P) Preinstalado;329;5 
6920HP850G39GA;Portátil Ultrabook Hp EliteBook 850 G3 TACTIL GRADO A (Intel Core i5 6200u 2.3Ghz/8GB/256GB/15.6"FHD/NO-DVD/W8P) Preinstalado;329;1 
6920TSB5521GB;Portátil Toshiba Satellite B552/H  GRADO B con teclado castellano (Intel Core i5 3340M 2.70Ghz/8GB/120SSD/15.6"/NO-DVD/W7P) Preinstalado;179;2 
6920TSB5526GB;Portátil Toshiba Satellite B552/H  GRADO B con teclado castellano (Intel Core i5 3340M 2.70Ghz/8GB/240SSD/15.6"/NO-DVD/W7P) Preinstalado;189;1 
6920TSB652H3GB;Portátil Toshiba Satellite B652/H SIN WEBCAM GRADO B con teclado castellano TN (Intel Core i5 3210M 2.50Ghz/8GB/120SSD/15.6"/DVD/W8P) Preinstalado;195;1 
6920HPZBOOK15G12GB;Portátil Hp  Workstation ZBOOK 15 G1 GRADO B + Nvidia K1100M 2GB (Intel Core i7 4800MQ 2.7Ghz/16GB/240SSD/15.6"FHD/DVDRW/W8P) Preinstalado;459;1 
6920HPZBOOK15G13GB;Portátil Hp  Workstation ZBOOK 15 G1 GRADO B + Nvidia K1100M 2GB (Intel Core i7 4700MQ 2.4Ghz/16GB/240SSD/15.6"FHD/DVDRW/W8P) Preinstalado;459;3 
6920HPZBOOK15G210GB;Portátil HP Workstation ZBOOK 15 G2 GRADO B Nvidia K1100M 2GB (Intel Core i7 4810MQ 2.8Ghz/16GB/240SSD/15.6"FHD/DVDRW/W8P) Preinstalado;459;1 
6920HPZBOOK15G211GB;Portátil HP Workstation ZBOOK 15 G2 GRADO B Nvidia K1100M 2GB (Intel Core i7 4710MQ 2.5Ghz/16GB/240SSD/15.6"FHD/DVDRW/W8P) Preinstalado;459;4 
6920HPZBOOK15G33GB;Portátil HP Workstation ZBOOK 15 G3 + M1000M 2GB GRADO B (Intel core I7 6700HQ 2.6Ghz/16GB/240SSD-M.2/15.6"FHD/NO-DVD/W10) Preinstalado;455;4 
6920HPZBOOK15G34GB;Portátil HP Workstation ZBOOK 15 G3 + M1000M 2GB GRADO B (Intel core I7 6700HQ 2.6Ghz/16GB/240SSD-M.2/15.6"FHD/NO-DVD/W8P) Preinstalado;455;8 
6920DEE74405GB;Portátil Dell Ultrabook E7440 GRADO B (Intel Core i7 4600U 2.1Ghz/8GB/240GBSSD/14"/W8P) Preinstalado;309;2 
6920HP840G312GB;Portátil Ultrabook HP Elitebook 840 G3 GRADO B TACTIL (Intel Core i7 6600u 2.6Ghz/8GB/240SSD-M.2/14"/NO-DVD/W8P) Preinstalado;349;1 
6920DXPS1393651GA;Portátil Convertible 2 en 1 DELL XPS 13 9365 TACTIL GRADO A (Intel Core i7 7Y75 1.3Ghz/16GB/256SSD-M.2/13"FHD/W10P) Preinstalado;419;17 
6920DXPS1393652GA;Portátil Convertible 2 en 1 DELL XPS 13 9365 TACTIL GRADO A (Intel Core i7 7Y75 1.3Ghz/16GB/256SSD-M.2/13"FHD/W8P) Preinstalado;419;1 
6920HP2570P2GB;Portátil Hp EliteBook 2570P GRADO B con teclado castellano (Intel Core i7 3520M 2.90Ghz/4GB/320GB/12.1"/DVDRW/W8P) Preinstalado;125;4 
6950HPCH11AG6EO1GA;HP Chromebook 11A G6 EE ORANGE GRADO A (AMD A4-9120C 1.6Ghz/4GB/32GB-eMMC/11.6"HD/NO-DVD/Chrome) Preinstalado;69;282 
6950HPCH11AG6EO1GB;HP Chromebook 11A G6 EE ORANGE GRADO B (AMD A4-9120C 1.6Ghz/4GB/32GB-eMMC/11.6"HD/NO-DVD/Chrome) Preinstalado;59;5 
6920HP645G21GB;Portátil HP Probook 645 G2 GRADO B (AMD A8-8600B 1.6Ghz/8GB/240SSD/NO-DVD/14"/W7P) Preinstalado;249;1 
6920LENE41451PA;Portátil Premium Ultrabook Lenovo Ideapad 82BF E41-45 (AMD A6-7350b 3.0Ghz/4GB/1TB/14"/NO-DVD/W10H) Preinstalado;199;21 
6920LENI5152GAP;Portátil Premium Lenovo Ideapad 5 15IIL05 GRADO A MX350 2 GB (Intel Core I7 1065G7 1.30Ghz/8GB/512GB-M.2/15.6"FHD/NO-DVD/W10H);679;1 
6920LENI530S14ARR1GAP;Portátil Premium Ultrabook Lenovo Ideapad 530S-14ARR GRADO A+ - VEGA 8 - 2GB (Ryzen 5 2500U 2.80Ghz/8GB/256GB-M.2/14"FHD/NO-DVD/W10) preinstalado;469;3 
6920LENI54014API1GAP;Portátil Premium Ultrabook Lenovo Ideapad 540S-14API GRADO A+ VEGA8 2GB (Ryzen 5 3500U 2.10Ghz/8GB/512SSD/14"FHD/NO-DVD/W10) Preinstalado;519;1 
6920LENIP515ITL1GAP;Portátil Premium Lenovo Ideapad 5 15ITL05 + MX450 2GB GRADO A+ (Intel Core i7 1165G7 2.80Ghz/8GB/512GB-M.2/15.6"FHD/NO-DVD/W10H);699;1 
6940B1930S21GB;Monitor Belinea 1930-S2 - GRADO B - 19" - VGA/DVI - Negro/Plata;35;1 
6940S923NW1GB;Monitor Samsung 923NW Panoramico- GRADO B - 19" - VGA - Negro;39;1 
6940S940N1GB;Monitor Samsung 940N - GRADO B - 19" - VGA - Negro/Plata;35;1 
6940SB19401GB;Monitor Samsung B1940 - GRADO B - 19" Wide - VGA/DVI - Negro;35;1 
6940D1908FPB1GB;Monitor Dell 1908FPB GRADO B - 19" - VGA /DVI - Negro/Plata;35;1 
6940DP190SB1GB;Monitor Dell P190SB GRADO B - 19" - VGA/DVI - Negro;35;1 
6940DP190ST1GB;Monitor Dell P190ST GRADO B - 19" - VGA/DVI - Negro;35;1 
6940DU1909WF1GB;Monitor Dell Ultrasharp E1909WF Panorámico - GRADO B - 19" - DVI/VGA - Negro/Plata;35;1 
6940HPE190I1GB;Monitor HP E190i - LED - 19" -  GRADO B  -  VGA/DVI/DP- Negro/plata;35;207 
6940HPL1940T1GB;Monitor HP L1940T GRADO B - 19" - VGA/DVI - Negro/Plata;35;15 
6940HPL1945W1GB;Monitor HP L1945W GRADO B - 19" - VGA - Negro;35;1 
6940HPLA1951G1GB;Monitor HP LA 1951g GRADO B - 19" - VGA/DVI - Negro/Plata;35;5 
6940HPLA1956X1GB;Monitor HP LA 1956x - GRADO B - LED - 19" - VGA/DVI/DisplayPort - Plata;35;59 
6940HPLE1901W1GB;Monitor HP LE1901w - GRADO B - 19" Panorámico - VGA - Negro;39;5 
6940HPLP19651GB;Monitor HP LP 1965 GRADO B 19" - DVI - Negro/Plata;35;3 
6940AB193W1GB;Monitor Acer B193W GRADO B - 19" - VGA/DVI - Negro;35;1 
6940ABE24A1GB;Monitor ASUS BE24A QLB-G GRADO B - 24" - VGA/DVI/DP - Blanco;79;16 
6940AOCE960P1GB;Monitor AOC E960P - GRADO B  - 19" - VGA/DVI - Negro;35;1 
6940AV196L1GB;Monitor Acer V196L GRADO B - 19" - VGA/DVI - Negro;35;1 
6940AX193HQ1GB;Monitor Acer X193HQ- GRADO B - 19" - Panoramico - VGA - Negro;35;3 
6940BENQE900T1GB;Monitor BenQ E900T- GRADO B - VGA/DVI - Plata;49;1 
6940BENQG9251GB;Monitor BenQ G925 Panoramico GRADO B - VGA - Negro;39;1 
6940HA1921GB;Monitor Hanns-g - HA192 Panoramico GRADO B- 19" - VGA - Negro;39;4 
6940HZ1941GB;Monitor Hanns-g - HZ194 Panoramico GRADO B- 19" - VGA - Negro;39;1 
6940LGL1942SE1GB;Monitor LG L1942SE - GRADO B - 19" - VGA - Negro;35;1 
6940PB190W1GB;Monitor Packard Bell 190w Panorámico GRADO B - 19" - VGA - Negro;39;6 
6940PH190B91GB;Monitor Philips 190B9 GRADO B - 19" - VGA/DVI - Plata;35;1 
6940PH190CW1GB;Monitor Philips 190CW GRADO B - 19" - VGA/DVI - Plata;35;1 
6940PH190S1GB;Monitor Philips 190S GRADO B - 19" - VGA/DVI - Negro/Plata;35;1 
6940AB223W2GB;Monitor Acer B223W GRADO B - 22" - VGA/DVI - Negro;55;3 
6940ACERB226HQL1GB;Monitor Acer B226HQL - 22" - GRADO B - VGA/DVI/DP- Negro;55;1 
6940ACERB226WL1GB;Monitor Acer B226WL - 22" - GRADO B - VGA/DVI/DP- Negro;55;3 
6940AKS220HQ1GB;Monitor Acer KA220HQ GRADO B - 22" - VGA/DVI - Negro;49;1 
6940ASVS228GB;Monitor ASUS VS228 GRADO B - 22" - VGA/DVI - Negro;49;1 
6940AV233H1GB;Monitor Acer V233H GRADO B - 23"  FHD - VGA/DVI - Negro;59;3 
6940AVE2281GB;Monitor ASUS VE228 GRADO B - 22" - VGA/DVI - Negro;49;2 
6940B220BW91GB;Monitor Philips Brilliance 220BW9 GRADO B - 22" - VGA/DVI - Negro/Plata;55;2 
6940FB22W61GB;Monitor Fujitsu ScenicView B22W-6- GRADO B - 22" - VGA/DVI - Negro;55;2 
6940FE22W51GB;Monitor Fujitsu ScenicView E22W5 - GRADO B - 22" LED - VGA/DVI - Negro;55;4 
6940HHHI221GB;Monitor Hanns-G HI221 GRADO B -  22" - VGA/DVI - Negro;49;2 
6940L226WTQ1GB;Monitor LG 226WTF GRADO B - 22" - VGA/DVI - Negro;59;1 
6940LG22M351GB;Monitor LG 22M35 GRADO B - 22" - VGA - Negro;59;4 
6940NE221W1GB;Monitor NEC E221W GRADO B - 22" - VGA/DVI - Negro;59;1 
6940NEC22WV1GB;Monitor NEC 22WV GRADO B - 22" - VGA - Negro/Plata;55;2 
6940PH220S21GB;Monitor Philips  220S2 GRADO B- 22" - VGA/DVI - Negro;55;3 
6940PH220SW1GB;Monitor Philips  220SW  GRADO B - 22" - VGA/DVI - Negro/plata;55;7 
6940PH221P1GB;Monitor Philips  221P - GRADO B - 22" - VGA/DVI/DP - Negro-Plata;45;2 
6940PH221PP1GB;Monitor Philips 221P pie para tiny - GRADO B - 22" - VGA/DVI/DP - Negro-Plata;55;56 
6940S2243SW1GB;Monitor Samsung SyncMaster 2243SW GRADO B - 22" - VGA/DVI - Negro;59;1 
6940S2243WB1GB;Monitor Samsung SyncMaster 2243BW GRADO B - 22" - VGA/DVI - Negro;45;1 
6940S22C450BW1GB;Monitor Samsung S22C450BW GRADO B - 22" - VGA/DVI - Negro;55;1 
6940S22C450N1GB;Monitor Samsung S22C450 GRADO B - 22" - VGA/DVI - Negro;55;10 
6940S22E4501GB;Monitor Samsung S22E450 -  GRADO B - 22" - VGA/DVI/DP -  LED - Negro;55;1 
6940SB22401GB;Monitor Samsung SyncMaster B2240W - GRADO B - 22" - VGA/DVI - Negro;55;6 
6940SSA450BWGB;Monitor Samsung S22A450BW GRADO B - 22" - VGA/DVI - LED - Negro;55;4 
6940DE2208WFPT1GB;Monitor Dell 2208WFPt GRADO B - 22" - VGA/DVI - Negro/Plata;55;7 
6940DE2209WF1GB;Monitor Dell E2209WF- GRADO B - 22" - VGA/DVI - Negro;55;1 
6940DE228WFP1GB;Monitor Dell E228WFP - GRADO B - 22" - VGA/DVI - Negro;55;4 
6940DEP2210F1GB;Monitor Dell P2210F - GRADO B - 22" Widescreen - DVI/VGA/DP - Negro;55;7 
6940DEP2210T1GB;Monitor Dell P2210T - GRADO B - 22" Widescreen - DVI/VGA/DP - Negro;55;1 
6940DG2210T1GB;Monitor Dell G2210T - GRADO B - 22" Widescreen - DVI/VGA - Negro;59;2 
6940DP22113F1GB;Monitor Dell P2213F - GRADO B - 22" - DVI/VGA/DP - Negro;55;1 
6940DP2211H1GB;Monitor Dell P2211H - GRADO B -  22" - DVI/VGA - Negro;55;4 
6940DP2211HT1GB;Monitor Dell P2211HT - GRADO B -  22" LCD FHD - DVI/VGA - Negro;55;5 
6940DP2212H1GB;Monitor Dell P2212H GRADO B - 22" - DVI/VGA - Negro;55;11 
6940DP2214HB1GB;Monitor Dell P214HB GRADO B - 22" LCD FHD - DP/DVI/VGA - Negro/Plata;55;2 
6940DS2209WB1GB;Monitor Dell S2209WB - GRADO B - 22" - VGA/DVI - Negro;55;1 
6940HPE221C2GB;Monitor HP Elitedisplay E221 GRADO B - 22" FHD - VGA/DVI/DP - Negro;49;2 
6940HPLA2205WG1GB;Monitor HP LA2205WG - GRADO B - 22" - VGA/DVI/DisplayPort - Negro/Plata;55;3 
6940HPLA2206XGB;Monitor HP LA 2206x GRADO B - 22" FHD - VGA/DVI/DP- Negro;49;1 
6940HPLA22F1GB;Monitor HP LA22F - GRADO B - 22" - VGA/DVI/DP- Negro/Plata;55;1 
6940HPZR2330W1GB;Monitor HP ZR2330W GRADO B - LED - 23" - VGA/DVI/DisplayPort - Negro;72;17 
6940HPLA2306X1GB;Monitor HP LA 2306x GRADO B - LED - 23" - VGA/DVI/DisplayPort - Negro;75;2 
6940AG235H1GB;Monitor Acer G2235H GRADO B - 23" FHD - VGA/DVI - Plata;65;11 
6940AX233H1GB;Monitor Acer X233H GRADO B - 23" FHD - VGA/DVI - Negro;59;1 
6940EFEV2216W1GB;Monitor EIZO Flexscan EV2216W GRADO B - 22" - VGA/DVI/DisplayPort - Negro;55;1 
6940LG23MB35PM1GB;Monitor LG Flatron 23MB35PM GRADO B - 23" FHD - VGA/DVI - Negro;59;3 
6940LGIPS2351GB;Monitor LG Flatron IPS235 GRADO B - 23" FHD - VGA/DVI/HDMI - Negro;59;29 
6940DP2312HT1GB;Monitor Dell P2312HT - GRADO B - 23" - VGA/DVI - Negro;59;3 
6940DS2309WB1GB;Monitor Dell S2309WB - GRADO B - 23" - VGA/DVI - Negro;59;1 
6940LT2323P1GB;Monitor Lenovo ThinkVision LT2323P GRADO B - 23" FHD - VGA/DVI/DP- Negro;59;1 
6940S24431GB;Monitor Samsung SyncMaster 2443BW GRADO B - 24" - VGA/DVI - Negro;65;1 
6940SNC2411GA;Monitor Samsung NC241 GRADO A - 23.6" - VGA/DVI-OUT -  FHD LED - Negro;75;1 
6940SNC2411GB;Monitor Samsung NC241 GRADO B - 23.6" - VGA/DVI-OUT-  FHD LED - Negro;65;1 
6940AB243HL1GB;Monitor Acer B243HL GRADO B - 24" - VGA/DVI - Negro;67;1 
6940ACB246HL1GB;Monitor ACER B246HL GRADO B - LED 24" FHD - VGA/DVI/DP - Negro/Gris;65;3 
6940AV243HQ1GB;Monitor Acer V243HQ - 24" FHD - GRADO B - VGA/DVI - Negro;65;2 
6940B248TE1GB;Monitor Fujitsu Siemens B24-8 TE - GRADO B - 24" - VGA/DVI/DISPLAYPORT - Blanco;65;10 
6940HPE241I1GB;Monitor HP Elitedisplay E241i GRADO B - LED - 24" - VGA/DVI/DP- Negro/Plata;65;1 
6940HPLA2405WG1GB;Monitor HP LA2405 GRADO B - LCD - 24" - VGA/DVI/DP- Negro/Plata;65;1 
6940HPZR24W1GB;Monitor HP ZR24W GRADO B - LCD - 24" - VGA/DVI/DP - Negro;65;1 
6940L2440P1GB;Monitor Lenovo L2440P GRADO B - 24" - VGA/DVI - Negro;65;3 
6940T24D1GA;Monitor Lenovo ThinkVision T24D-10 - GRADO A - 24" WUXGA IPS  - VGA/HDMI/DP - Negro;85;7 
6940T24D1GB;Monitor Lenovo ThinkVision T24D-10 - GRADO B - 24" WUXGA IPS  - VGA/HDMI/DP - Negro;79;23 
6940DP2414H1GB;Monitor Dell P2414H - GRADO B - 24" - VGA/DVI/DP - Negro/Plata;65;2 
6940L1901GB;Monitor IBM L190- 19" - GRADO B - VGA - GRIS;35;14 
6940VVP191SGB;Monitor ViewSonic VP191s - GRADO B - 19" - VGA/DVI - Negro/Plata;35;1 
6940LLT2013SW1GB;Monitor Lenovo LT2013SW GRADO B - 20" - VGA - Negro;39;1 
6940VSVA2055SA1GB;Monitor ViewSonic VA2055SA GRADO B - 20" - VGA - Negro;39;1 
6910IMACME089LLA1GA;Todo en Uno - Apple iMac ME089LLA (2013) 27" 2.5K GTX775M 2GB GRADO A (Intel Core i5 4570 3.4Ghz/32GB/1TB/MAC OS Catalina) Preinstalado;629;3 
6910IMACME089LLA1GB;Todo en Uno - Apple iMac ME089LLA (2013) 27" 2.5K GTX775M 2GB GRADO B (Intel Core i5 4570 3.4Ghz/32GB/1TB/MAC OS Catalina) Preinstalado;629;7 
6910IMACME089LLA2GB;Todo en Uno - Apple iMac ME089LLA (2013) 27" 2.5K GTX775M 2GB GRADO B (Intel Core i5 4570 3.4Ghz/32GB/1TB/MAC OS Maverick) Preinstalado;599;10 
6920AMBAMC905LLA1GA;Portátil Apple Macbook Air MC905LLA (2010) + Nvidia GF 320M GRADO A (Intel Core 2 Duo 2.13Ghz/4GB/256SSD-M.2/13.3"/Mac OS High Sierra);299;1 
6920AMBAMD231LLA1GA;Portátil Apple Macbook Air MD231LLA (2012) GRADO A (Intel Core I5 3427U 1.8Ghz/8GB/120SSD-M.2/13.3"/Mac OS Catalina);459;1 
6920AMBAMD760LLA1GA;Portátil Apple Macbook Air MD760LLA (2013) GRADO A (Intel Core I5 4250U 1.3Ghz/4GB/120SSD-M.2/13.3"/Mac OS Big Sur);399;11 
6920AMBAMD760LLA2GA;Portátil Apple Macbook Air MD760LLA (2014) GRADO A (Intel Core I7 4650U 1.7Ghz/8GB/120SSD-M.2/13.3"/Mac OS Big Sur);489;1 
6920AMBAMD760LLB1GA;Portátil Apple Macbook Air MD760LLB (2014) GRADO A (Intel Core I5 4260U 1.4Ghz/4GB/120SSD-M.2/13.3"/Mac OS Big Sur);399;8 
6920AMBAMF068LLA1GA;Portátil Apple Macbook Air MF068LLA (2013) GRADO A (Intel Core i7 4650U 1.7Ghz/4GB/256SSD-M.2/13.3"/Mac OS Big Sur);489;1 
6920AMBAMF068LLA2GA;Portátil Apple Macbook Air MF068LLA (2013) GRADO A (Intel Core i7 4650U 1.7Ghz/8GB/120SSD-M.2/13.3"/Mac OS Big Sur);489;2 
6920AMBAMJVELLA1GA;Portátil Apple Macbook Air MJVE2LLA (2015) GRADO A (Intel Core i5 5250U 1.6Ghz/8GB/256SSD-M.2/13.3"/Mac OS Big Sur);469;1 
6920AMBAMJVELLA2GA;Portátil Apple Macbook Air MJVE2LLA (2015) GRADO A (Intel Core i5 5250U 1.6Ghz/4GB/120SSD-M.2/13.3"/Mac OS Big Sur);399;10 
6920AMBAMJVELLA3GA;Portátil Apple Macbook Air MJVE2LLA (2015) GRADO A (Intel Core i5 5250U 1.6Ghz/8GB/120SSD-M.2/13.3"/Mac OS Big Sur);469;2 
6920AMBAMJVM2LLA1GA;Portátil Apple Macbook Air MJVM2LLA (2015) GRADO A (Intel Core i5 5250U 1.6Ghz/4GB/120SSD-M.2/11.6"/Mac OS Big Sur);459;2 
6920AMBAMJVM2LLA2GA;Portátil Apple Macbook Air MJVM2LLA (2015) GRADO A (Intel Core I5 5250U 1.6Ghz/4GB/256SSD-M.2/11.6"/Mac OS Big Sur);469;1 
6920AMBMGX72LLA1GA;Portátil Apple Macbook Pro Retina MGX72LLA (2014) GRADO A (Intel Core i5 4278U 2.6Ghz/4GB/120SSD-M.2/13.3"/Mac OS Big Sur);479;1 
6920AMBP9.21GAP;Portátil Apple Macbook PRO 9.2 A1278 Grado A+ (Intel Core i5 3210M 2.5Ghz/8GB/120SSD/13.3"/DVDRW/MacOS Catalina);289;15 
6920AMBP9.22GAP;Portátil Apple Macbook PRO 9.2 A1278 Grado A+ (Intel Core i5 3210M 2.5Ghz/8GB/500GB/13.3"/DVDRW/MacOS Catalina);289;3 
6920AMBPMC700LLA1GA;Portátil Apple Macbook Pro MC700LLA (2011) GRADO A (Intel Core i5 2415M 2.3Ghz/8GB/320GB/13.3"/Mac OS High Sierra);279;1 
6920AMBPMD101LLA1GA;Portátil Apple Macbook Pro MD101LLA (2012) GRADO A (Intel Core i5 3210M 2.5Ghz/8GB/120SSD/13.3"/Mac OS Catalina);289;16 
6920AMBPMD101LLA2GA;Portátil Apple Macbook Pro MD101LLA(2012) GRADO A (Intel Core i5 3210M 2.5Ghz/8GB/500GB/13.3"/Mac OS Catalina);299;2 
6950IP5A1823;Tablet iPad 5 Wifi+4G - A1823 - 32Gb - Silver- Grado A 2017;285;13 
6950IPA1823G;Tablet iPad 5 Wifi+4G - A1823 - 32Gb - Gold- Grado A;299;3 
5702194752;Cargador Portátil Toshiba 19V 4.74A 5.5*2.5mm (Ref. 1);8.19;339 
5703193343;Cargador Portátil HP TouchSmart 19.5v 3.33A 4.5*3.0mm (Ref. 4);7.77;145 
570319443;Cargador Portátil HP Envy15 19.5v 4.62A 4.5*3.0mm (Ref. 7);8.62;238 
5703194775;Cargador Portátil HP/Compaq 19V 4.74A 7.4*5.0mm (Ref. 2);8.62;36 
ICP135W;Transformador 135W (Especifico USDT HP);16;87 
5704194751;Cargador Portátil Acer 19V 4.74A 5.5*1.7mm (Ref. 3);8.19;275 
5707194675;Cargador Portátil Dell 19.5V 4.62A 7.4*5.0mm (Ref. 5);9.04;250 
99050190;Cargador Portátil Universal 90w  9 TIPS  SM-90 - Smarters;12.9;400 
99050190LENUSB;Punta para cargador universal 90w SM-90 - Lenovo Yoga 3 - USB TIP;2.99;85 
570122045R;Cargador Portátil Lenovo 20V 4.5A Rectangular Square (Ref. 6);8.62;70 
570122045U;Cargador Portátil Lenovo 20V 4.5A USB TIP (Ref. 8);13.5;67 
